{
    "nodes": [
        {
            "color": "#4f19c7",
            "label": "",
            "attributes": {},
            "y": -404.26147,
            "x": -739.36383,
            "id": "jquery",
            "size": 4.7252817
        },
        {
            "color": "#c71969",
            "label": "backbone",
            "attributes": {},
            "y": -862.7517,
            "x": -134.2215,
            "id": "backbone",
            "size": 6.1554675
        },
        {
            "color": "#c71969",
            "label": "underscore",
            "attributes": {},
            "y": -734.4221,
            "x": -75.53079,
            "id": "underscore",
            "size": 100
        },
        {
            "color": "#c71969",
            "label": "faye",
            "attributes": {},
            "y": 624.50604,
            "x": -818.97516,
            "id": "faye",
            "size": 45.67816025
        }
    ],
    "edges": [
        {
            "sourceID": "underscore",
            "attributes": {},
            "targetID": "faye",
            "size": 50
        },
        {
            "sourceID": "underscore",
            "attributes": {},
            "targetID": "backbone",
            "size": 20
        }
    ]
}